{
    "all": [
        "家庭清潔/紙品",
        "食品飲料",
        "藝術開運/宗教",
        "數位內容",
        "按摩器材",
        "修繕裝潢",
        "資訊電腦",
        "momo專案",
        "個人清潔",
        "彩妝保養",
        "圖書/影音",
        "生鮮",
        "戶外用品",
        "寵物",
        "票券",
        "攝影器材",
        "家電",
        "寢具傢飾",
        "車類",
        "飾品配件",
        "運動用品/器材",
        "手機  ",
        "餐廚用品",
        "服裝內著",
        "傢俱",
        "文具樂器",
        "母嬰/童",
        "保健食品/用品",
        "珠寶/貴金屬",
        "鞋/包/箱",
        "旅遊行程/用品",
        "園藝"
    ],
    "家庭清潔/紙品": [
        "家庭清潔/紙品||家用清潔",
        "家庭清潔/紙品||濕紙巾",
        "家庭清潔/紙品||衛生紙 ",
        "家庭清潔/紙品||防霉除蟲",
        "家庭清潔/紙品||衣物清潔"
    ],
    "食品飲料": [
        "食品飲料||沖調飲品",
        "食品飲料||油/調味",
        "食品飲料||乾貨/雜糧",
        "食品飲料||米麵",
        "食品飲料||滴雞/魚精",
        "食品飲料||休閒零食",
        "食品飲料||水/飲料",
        "食品飲料||蛋糕甜點",
        "食品飲料||有機食品",
        "食品飲料||湯底",
        "食品飲料||罐頭/調理包",
        "食品飲料||烘焙/料理"
    ],
    "藝術開運/宗教": [
        "藝術開運/宗教||宗教文物",
        "藝術開運/宗教||風水擺設",
        "藝術開運/宗教||祭祀親算",
        "藝術開運/宗教||藝術蒐藏品"
    ],
    "數位內容": [
        "數位內容||軟體序號",
        "數位內容||電子書",
        "數位內容||電子輕小說",
        "數位內容||加值點數序號",
        "數位內容||電子雜誌",
        "數位內容||電子漫畫"
    ],
    "按摩器材": [
        "按摩器材||桑拿機",
        "按摩器材||按摩椅",
        "按摩器材||泡腳機",
        "按摩器材||按摩用品"
    ],
    "修繕裝潢": [
        "修繕裝潢||建築材料",
        "修繕裝潢||衛浴設備",
        "修繕裝潢||裝修服務",
        "修繕裝潢||油漆/塗料/修補",
        "修繕裝潢||居安防護",
        "修繕裝潢||五金工具",
        "修繕裝潢||廚房設備",
        "修繕裝潢||燈飾照明",
        "修繕裝潢||電動工具",
        "修繕裝潢||地板壁飾"
    ],
    "資訊電腦": [
        "資訊電腦||電腦主機/設備",
        "資訊電腦||電腦組件",
        "資訊電腦||電腦遊戲/設備",
        "資訊電腦||網路通訊設備",
        "資訊電腦||外接裝置",
        "資訊電腦||辦公設備/耗材"
    ],
    "momo專案": [
        "momo專案||momo專案商品"
    ],
    "個人清潔": [
        "個人清潔||臉部清潔",
        "個人清潔||身體清潔",
        "個人清潔||染髮造型",
        "個人清潔||洗髮護髮",
        "個人清潔||男仕清潔",
        "個人清潔||女性護理",
        "個人清潔||口腔清潔"
    ],
    "彩妝保養": [
        "彩妝保養||彩妝",
        "彩妝保養||美容工具",
        "彩妝保養||香氛精油",
        "彩妝保養||防曬",
        "彩妝保養||香水",
        "彩妝保養||臉部保養",
        "彩妝保養||身體保養",
        "彩妝保養||男仕保養"
    ],
    "圖書/影音": [
        "圖書/影音||生活風格",
        "圖書/影音||童書教具",
        "圖書/影音||CD",
        "圖書/影音||醫療保健",
        "圖書/影音||飲食",
        "圖書/影音||自然科普",
        "圖書/影音||親子教養",
        "圖書/影音||宗教命理",
        "圖書/影音||商業理財",
        "圖書/影音||旅遊",
        "圖書/影音||語言學習",
        "圖書/影音||漫畫",
        "圖書/影音||心理勵志",
        "圖書/影音||教科書/政府出版",
        "圖書/影音||考試用書",
        "圖書/影音||藝術設計",
        "圖書/影音||輕小說",
        "圖書/影音||社會科學",
        "圖書/影音||文學小說",
        "圖書/影音||人文史地",
        "圖書/影音||DVD",
        "圖書/影音||電腦資訊",
        "圖書/影音||雜誌訂閱"
    ],
    "生鮮": [
        "生鮮||水果",
        "生鮮||水產",
        "生鮮||蔬菜",
        "生鮮||肉品",
        "生鮮||調理/冷凍食品",
        "生鮮||蛋品"
    ],
    "戶外用品": [
        "戶外用品||釣魚",
        "戶外用品||雨具",
        "戶外用品||登山健行用品",
        "戶外用品||烤肉野餐",
        "戶外用品||軍用品",
        "戶外用品||戶外露營"
    ],
    "寵物": [
        "寵物||水族/兩棲",
        "寵物||貓狗食品",
        "寵物||貓狗零食",
        "寵物||貓狗鮮食",
        "寵物||貓狗罐頭",
        "寵物||貓狗用品",
        "寵物||貓狗保健",
        "寵物||小動物"
    ],
    "票券": [
        "票券||休閒玩樂券",
        "票券||美食餐券",
        "票券||飯店住宿券",
        "票券||美容舒壓券",
        "票券||生活服務券"
    ],
    "攝影器材": [
        "攝影器材||防潮箱",
        "攝影器材||攝影周邊",
        "攝影器材||攝影主機",
        "攝影器材||記憶卡/週邊"
    ],
    "家電": [
        "家電||季節家電",
        "家電||大型家電",
        "家電||廚房家電",
        "家電||視聽娛樂",
        "家電||遊戲設備",
        "家電||生活家電",
        "家電||美容家電",
        "家電||廚衛三機"
    ],
    "寢具傢飾": [
        "寢具傢飾|| 寢具 ",
        "寢具傢飾||收納用品",
        "寢具傢飾||家飾布飾",
        "寢具傢飾||洗曬用品",
        "寢具傢飾||衛浴用品"
    ],
    "車類": [
        "車類||電動代步車",
        "車類||GPS/行車紀錄器",
        "車類||自行車/衣",
        "車類||汽車百貨",
        "車類||機車",
        "車類||汽車"
    ],
    "飾品配件": [
        "飾品配件||帽子",
        "飾品配件||眼鏡/墨鏡",
        "飾品配件||皮帶",
        "飾品配件||手錶/鐘",
        "飾品配件||耳罩/手套",
        "飾品配件||圍巾",
        "飾品配件||精品配件",
        "飾品配件||錶鐘配件",
        "飾品配件||飾品",
        "飾品配件||領帶"
    ],
    "運動用品/器材": [
        "運動用品/器材||運動護具",
        "運動用品/器材||瑜珈用品",
        "運動用品/器材||運動配件",
        "運動用品/器材||健身器材",
        "運動用品/器材||球類用品",
        "運動用品/器材||武術搏擊",
        "運動用品/器材||游泳用品/衣",
        "運動用品/器材||重量訓練",
        "運動用品/器材||溜冰滑板",
        "運動用品/器材||體育用品"
    ],
    "手機  ": [
        "手機  ||智慧型手機",
        "手機  ||智能設備",
        "手機  ||平板電腦",
        "手機  ||週邊配件",
        "手機  ||音訊設備",
        "手機  ||一般手機"
    ],
    "餐廚用品": [
        "餐廚用品||料理/烘培用具",
        "餐廚用品||保鮮/便當盒",
        "餐廚用品||杯子",
        "餐廚用品||碗盤餐具",
        "餐廚用品||桌上壺",
        "餐廚用品||隨行杯瓶",
        "餐廚用品||鍋具",
        "餐廚用品||咖啡/酒/茶用品"
    ],
    "服裝內著": [
        "服裝內著||男裝",
        "服裝內著||塑身衣褲",
        "服裝內著||男內著",
        "服裝內著||女裝",
        "服裝內著||睡衣",
        "服裝內著||襪子",
        "服裝內著||免洗拋棄式襪/內褲",
        "服裝內著||女內著"
    ],
    "傢俱": [
        "傢俱||層架",
        "傢俱||桌/茶几",
        "傢俱||床架",
        "傢俱||櫃",
        "傢俱||床墊",
        "傢俱||沙發",
        "傢俱||椅/凳"
    ],
    "文具樂器": [
        "文具樂器||書寫筆類",
        "文具樂器||書寫紙品",
        "文具樂器||學習用品",
        "文具樂器||模型公仔",
        "文具樂器||美術繪畫",
        "文具樂器||樂器",
        "文具樂器||辦公用品",
        "文具樂器||桌遊"
    ],
    "母嬰/童": [
        "母嬰/童||玩具",
        "母嬰/童||奶粉",
        "母嬰/童||副食品",
        "母嬰/童||尿布/紙尿褲",
        "母嬰/童||安全座椅",
        "母嬰/童||兒童寢俱/睡袋",
        "母嬰/童||兒童成長傢俱",
        "母嬰/童||嬰幼童鞋",
        "母嬰/童||孕婦保健食品",
        "母嬰/童||嬰幼童襪",
        "母嬰/童||嬰幼童裝",
        "母嬰/童||兒童保健食品",
        "母嬰/童||揹巾/媽媽包",
        "母嬰/童||手推車",
        "母嬰/童||洗護用品",
        "母嬰/童||嬰幼床寢",
        "母嬰/童||月子餐",
        "母嬰/童||安全防護用品",
        "母嬰/童||書包/童包",
        "母嬰/童||孕婦/產後裝",
        "母嬰/童||哺乳餵養用品"
    ],
    "保健食品/用品": [
        "保健食品/用品||關鍵保健",
        "保健食品/用品||養顏美容",
        "保健食品/用品||家庭計畫",
        "保健食品/用品||保健用品",
        "保健食品/用品||情趣用品",
        "保健食品/用品||窈窕曲線",
        "保健食品/用品||特殊營養品",
        "保健食品/用品||一般營養品",
        "保健食品/用品||營養保健"
    ],
    "珠寶/貴金屬": [
        "珠寶/貴金屬||鑽石",
        "珠寶/貴金屬||珍珠",
        "珠寶/貴金屬||水晶",
        "珠寶/貴金屬||鉑金",
        "珠寶/貴金屬||黃金",
        "珠寶/貴金屬||翡翠玉石",
        "珠寶/貴金屬||K金",
        "珠寶/貴金屬||寶石"
    ],
    "鞋/包/箱": [
        "鞋/包/箱||女包",
        "鞋/包/箱||男包",
        "鞋/包/箱||行李箱",
        "鞋/包/箱||女鞋",
        "鞋/包/箱||男鞋",
        "鞋/包/箱||鞋材"
    ],
    "旅遊行程/用品": [
        "旅遊行程/用品||旅行用品",
        "旅遊行程/用品||自由行",
        "旅遊行程/用品||國外旅遊",
        "旅遊行程/用品||國內旅遊"
    ],
    "園藝": [
        "園藝||肥料",
        "園藝||澆水器具",
        "園藝||花卉植栽",
        "園藝||園藝用具",
        "園藝||花盆器皿"
    ]
}